file,species
301.jpg,Broken rice
302.jpg,Broken rice
303.jpg,Broken rice
304.jpg,Broken rice
305.jpg,Broken rice
306.jpg,Broken rice
307.jpg,Broken rice
308.jpg,Broken rice
309.jpg,Broken rice
310.jpg,Broken rice
311.jpg,Broken rice
312.jpg,Broken rice
313.jpg,Broken rice
314.jpg,Broken rice
315.jpg,Broken rice
316.jpg,Broken rice
317.jpg,Broken rice
318.jpg,Broken rice
319.jpg,Broken rice
320.jpg,Broken rice
321.jpg,Broken rice
322.jpg,Broken rice
323.jpg,Broken rice
324.jpg,Broken rice
325.jpg,Broken rice
326.jpg,Broken rice
327.jpg,Broken rice
328.jpg,Broken rice
329.jpg,Broken rice
330.jpg,Broken rice
331.jpg,Broken rice
332.jpg,Broken rice
333.jpg,Broken rice
334.jpg,Broken rice
335.jpg,Broken rice
336.jpg,Broken rice
337.jpg,Broken rice
338.jpg,Broken rice
339.jpg,Broken rice
340.jpg,Broken rice
341.jpg,Broken rice
342.jpg,Broken rice
343.jpg,Broken rice
344.jpg,Broken rice
345.jpg,Broken rice
346.jpg,Broken rice
347.jpg,Broken rice
348.jpg,Broken rice
349.jpg,Broken rice
350.jpg,Broken rice
351.jpg,Broken rice
352.jpg,Broken rice
353.jpg,Broken rice
354.jpg,Broken rice
355.jpg,Broken rice
356.jpg,Broken rice
357.jpg,Broken rice
358.jpg,Broken rice
359.jpg,Broken rice
360.jpg,Broken rice
361.jpg,Broken rice
362.jpg,Broken rice
363.jpg,Broken rice
364.jpg,Broken rice
365.jpg,Broken rice
366.jpg,Broken rice
367.jpg,Broken rice
368.jpg,Broken rice
369.jpg,Broken rice
370.jpg,Broken rice
371.jpg,Broken rice
372.jpg,Broken rice
373.jpg,Broken rice
374.jpg,Broken rice
375.jpg,Broken rice
376.jpg,Broken rice
377.jpg,Broken rice
378.jpg,Broken rice
379.jpg,Broken rice
380.jpg,Broken rice
381.jpg,Broken rice
382.jpg,Broken rice
383.jpg,Broken rice
384.jpg,Broken rice
385.jpg,Broken rice
386.jpg,Broken rice
387.jpg,Broken rice
388.jpg,Broken rice
389.jpg,Broken rice
390.jpg,Broken rice
391.jpg,Broken rice
392.jpg,Broken rice
393.jpg,Broken rice
394.jpg,Broken rice
395.jpg,Broken rice
396.jpg,Broken rice
397.jpg,Broken rice
398.jpg,Broken rice
399.jpg,Broken rice
400.jpg,Broken rice
401.jpg,Broken rice
402.jpg,Broken rice
403.jpg,Broken rice
404.jpg,Broken rice
405.jpg,Broken rice
406.jpg,Broken rice
407.jpg,Broken rice
408.jpg,Broken rice
409.jpg,Broken rice
410.jpg,Broken rice
411.jpg,Broken rice
412.jpg,Broken rice
413.jpg,Broken rice
414.jpg,Broken rice
415.jpg,Broken rice
416.jpg,Broken rice
417.jpg,Broken rice
418.jpg,Broken rice
419.jpg,Broken rice
420.jpg,Broken rice
421.jpg,Broken rice
422.jpg,Broken rice
423.jpg,Broken rice
424.jpg,Broken rice
425.jpg,Broken rice
426.jpg,Broken rice
427.jpg,Broken rice
428.jpg,Broken rice
429.jpg,Broken rice
430.jpg,Broken rice
431.jpg,Broken rice
432.jpg,Broken rice
433.jpg,Broken rice
434.jpg,Broken rice
435.jpg,Broken rice
436.jpg,Broken rice
437.jpg,Broken rice
438.jpg,Broken rice
439.jpg,Broken rice
440.jpg,Broken rice
441.jpg,Broken rice
442.jpg,Broken rice
443.jpg,Broken rice
444.jpg,Broken rice
445.jpg,Broken rice
446.jpg,Broken rice
447.jpg,Broken rice
448.jpg,Broken rice
449.jpg,Broken rice
450.jpg,Broken rice
451.jpg,Broken rice
452.jpg,Broken rice
453.jpg,Broken rice
454.jpg,Broken rice
455.jpg,Broken rice
456.jpg,Broken rice
457.jpg,Broken rice
458.jpg,Broken rice
459.jpg,Broken rice
460.jpg,Broken rice
461.jpg,Broken rice
462.jpg,Broken rice
463.jpg,Broken rice
464.jpg,Broken rice
465.jpg,Broken rice
466.jpg,Broken rice
467.jpg,Broken rice
468.jpg,Broken rice
469.jpg,Broken rice
470.jpg,Broken rice
471.jpg,Broken rice
472.jpg,Broken rice
473.jpg,Broken rice
474.jpg,Broken rice
475.jpg,Broken rice
476.jpg,Broken rice
477.jpg,Broken rice
478.jpg,Broken rice
479.jpg,Broken rice
480.jpg,Broken rice
481.jpg,Broken rice
482.jpg,Broken rice
483.jpg,Broken rice
484.jpg,Broken rice
485.jpg,Broken rice
486.jpg,Broken rice
487.jpg,Broken rice
488.jpg,Broken rice
489.jpg,Broken rice
490.jpg,Broken rice
491.jpg,Broken rice
492.jpg,Broken rice
493.jpg,Broken rice
494.jpg,Broken rice
495.jpg,Broken rice
496.jpg,Broken rice
497.jpg,Broken rice
498.jpg,Broken rice
499.jpg,Broken rice
500.jpg,Broken rice
501.jpg,Broken rice
502.jpg,Broken rice
503.jpg,Broken rice
504.jpg,Broken rice
505.jpg,Broken rice
506.jpg,Broken rice
507.jpg,Broken rice
508.jpg,Broken rice
509.jpg,Broken rice
510.jpg,Broken rice
511.jpg,Broken rice
512.jpg,Broken rice
513.jpg,Broken rice
514.jpg,Broken rice
515.jpg,Broken rice
516.jpg,Broken rice
517.jpg,Broken rice
518.jpg,Broken rice
519.jpg,Broken rice
520.jpg,Broken rice
521.jpg,Broken rice
522.jpg,Broken rice
523.jpg,Broken rice
524.jpg,Broken rice
525.jpg,Broken rice
526.jpg,Broken rice
527.jpg,Broken rice
528.jpg,Broken rice
529.jpg,Broken rice
530.jpg,Broken rice
531.jpg,Broken rice
532.jpg,Broken rice
533.jpg,Broken rice
534.jpg,Broken rice
535.jpg,Broken rice
536.jpg,Broken rice
537.jpg,Broken rice
538.jpg,Broken rice
539.jpg,Broken rice
540.jpg,Broken rice
541.jpg,Broken rice
542.jpg,Broken rice
543.jpg,Broken rice
544.jpg,Broken rice
545.jpg,Broken rice
546.jpg,Broken rice
547.jpg,Broken rice
548.jpg,Broken rice
549.jpg,Broken rice
550.jpg,Broken rice
551.jpg,Broken rice
552.jpg,Broken rice
553.jpg,Broken rice
554.jpg,Broken rice
555.jpg,Broken rice
556.jpg,Broken rice
557.jpg,Broken rice
558.jpg,Broken rice
559.jpg,Broken rice
560.jpg,Broken rice
561.jpg,Broken rice
562.jpg,Broken rice
563.jpg,Broken rice
564.jpg,Broken rice
565.jpg,Broken rice
566.jpg,Broken rice
567.jpg,Broken rice
568.jpg,Broken rice
569.jpg,Broken rice
570.jpg,Broken rice
571.jpg,Broken rice
572.jpg,Broken rice
573.jpg,Broken rice
574.jpg,Broken rice
575.jpg,Broken rice
576.jpg,Broken rice
577.jpg,Broken rice
578.jpg,Broken rice
579.jpg,Broken rice
580.jpg,Broken rice
581.jpg,Broken rice
582.jpg,Broken rice
583.jpg,Broken rice
584.jpg,Broken rice
585.jpg,Broken rice
586.jpg,Broken rice
587.jpg,Broken rice
588.jpg,Broken rice
589.jpg,Broken rice
590.jpg,Broken rice
591.jpg,Broken rice
592.jpg,Broken rice
593.jpg,Broken rice
594.jpg,Broken rice
595.jpg,Broken rice
596.jpg,Broken rice
597.jpg,Broken rice
598.jpg,Broken rice
599.jpg,Broken rice
600.jpg,Broken rice
